INSERT INTO users (user_id, username, password_hash, email, first_name, last_name, phone, created_at, updated_at, is_active) VALUES
(1, 'johndoe', '$2y$10$abc123...', 'john@example.com', 'John', 'Doe', '555-0101', '2023-01-15 09:30:00', '2023-01-15 09:30:00', 1),
(2, 'janesmith', '$2y$10$def456...', 'jane@example.com', 'Jane', 'Smith', '555-0102', '2023-01-16 10:15:00', '2023-02-20 11:20:00', 1),
(3, 'robertjohnson', '$2y$10$ghi789...', 'robert@example.com', 'Robert', 'Johnson', '555-0103', '2023-01-17 11:45:00', '2023-01-17 11:45:00', 1),
(4, 'emilywilson', '$2y$10$jkl012...', 'emily@example.com', 'Emily', 'Wilson', '555-0104', '2023-01-18 14:20:00', '2023-03-15 10:30:00', 1),
(5, 'michaeldavis', '$2y$10$mno345...', 'michael@example.com', 'Michael', 'Davis', '555-0105', '2023-01-19 16:10:00', '2023-01-19 16:10:00', 1),
(6, 'sarahmiller', '$2y$10$pqr678...', 'sarah@example.com', 'Sarah', 'Miller', '555-0106', '2023-01-20 09:05:00', '2023-02-28 14:15:00', 1),
(7, 'davidmartinez', '$2y$10$stu901...', 'david@example.com', 'David', 'Martinez', '555-0107', '2023-01-21 13:40:00', '2023-01-21 13:40:00', 1),
(8, 'jenniferanderson', '$2y$10$vwx234...', 'jennifer@example.com', 'Jennifer', 'Anderson', '555-0108', '2023-01-22 15:25:00', '2023-03-10 11:45:00', 1),
(9, 'williamtaylor', '$2y$10$yza567...', 'william@example.com', 'William', 'Taylor', '555-0109', '2023-01-23 10:50:00', '2023-01-23 10:50:00', 1),
(10, 'lindathomas', '$2y$10$bcd890...', 'linda@example.com', 'Linda', 'Thomas', '555-0110', '2023-01-24 12:35:00', '2023-02-15 09:20:00', 1),
(11, 'jameswhite', '$2y$10$efg123...', 'james@example.com', 'James', 'White', '555-0111', '2023-01-25 14:15:00', '2023-01-25 14:15:00', 1),
(12, 'patriciaharris', '$2y$10$hij456...', 'patricia@example.com', 'Patricia', 'Harris', '555-0112', '2023-01-26 16:40:00', '2023-03-05 13:10:00', 1),
(13, 'christopherlee', '$2y$10$klm789...', 'christopher@example.com', 'Christopher', 'Lee', '555-0113', '2023-01-27 11:25:00', '2023-01-27 11:25:00', 1),
(14, 'elizabethclark', '$2y$10$nop012...', 'elizabeth@example.com', 'Elizabeth', 'Clark', '555-0114', '2023-01-28 09:50:00', '2023-02-18 16:45:00', 1),
(15, 'matthewrodriguez', '$2y$10$qrs345...', 'matthew@example.com', 'Matthew', 'Rodriguez', '555-0115', '2023-01-29 13:30:00', '2023-01-29 13:30:00', 1),
(16, 'nancylewis', '$2y$10$tuv678...', 'nancy@example.com', 'Nancy', 'Lewis', '555-0116', '2023-01-30 15:20:00', '2023-03-12 10:15:00', 1),
(17, 'danielwalker', '$2y$10$wxy901...', 'daniel@example.com', 'Daniel', 'Walker', '555-0117', '2023-01-31 10:45:00', '2023-01-31 10:45:00', 1),
(18, 'karenhall', '$2y$10$zab234...', 'karen@example.com', 'Karen', 'Hall', '555-0118', '2023-02-01 14:10:00', '2023-02-25 11:30:00', 1),
(19, 'richardallen', '$2y$10$cde567...', 'richard@example.com', 'Richard', 'Allen', '555-0119', '2023-02-02 16:35:00', '2023-02-02 16:35:00', 1),
(20, 'mikebrown', '$2y$10$xyz789...', 'mike@example.com', 'Mike', 'Brown', '555-0120', '2023-03-10 14:45:00', '2023-03-10 14:45:00', 1);

INSERT INTO addresses (address_id, user_id, address_line1, address_line2, city, state, postal_code, country, is_default) VALUES
(1, 1, '123 Main St', 'Apt 4B', 'New York', 'NY', '10001', 'USA', 1),
(2, 1, '456 Oak Ave', NULL, 'Brooklyn', 'NY', '11201', 'USA', 0),
(3, 2, '789 Pine Rd', NULL, 'Los Angeles', 'CA', '90001', 'USA', 1),
(30, 20, '321 Cedar Ln', 'Unit 5', 'Seattle', 'WA', '98101', 'USA', 1);

INSERT INTO categories (category_id, name, description, parent_id, created_at) VALUES
(1, 'Electronics', 'All electronic devices', NULL, '2023-01-01 00:00:00'),
(2, 'Laptops', 'Various laptop computers', 1, '2023-01-01 00:00:00'),
(3, 'Smartphones', 'Mobile phones', 1, '2023-01-01 00:00:00'),
(4, 'Tablets', 'Tablet devices', 1, '2023-01-01 00:00:00'),
(5, 'Clothing', 'Apparel and accessories', NULL, '2023-01-01 00:00:00'),
(6, 'Men\'s Clothing', 'Clothing for men', 5, '2023-01-01 00:00:00'),
(7, 'Women\'s Clothing', 'Clothing for women', 5, '2023-01-01 00:00:00'),
(8, 'Home & Kitchen', 'Home and kitchen products', NULL, '2023-01-01 00:00:00'),
(9, 'Furniture', 'Home furniture', 8, '2023-01-01 00:00:00'),
(10, 'Cookware', 'Cooking utensils', 8, '2023-01-01 00:00:00'),
(11, 'Books', 'Books and media', NULL, '2023-01-01 00:00:00'),
(12, 'Fiction', 'Fiction books', 11, '2023-01-01 00:00:00'),
(13, 'Non-Fiction', 'Non-fiction books', 11, '2023-01-01 00:00:00'),
(14, 'Toys & Games', 'Toys and games', NULL, '2023-01-01 00:00:00'),
(15, 'Home Decor', 'Home decoration items', NULL, '2023-01-01 00:00:00');

INSERT INTO `products` (`product_id`, `name`, `description`, `price`, `stock_quantity`, `category_id`, `sku`, `image_url`, `created_at`, `is_active`) VALUES
(1, 'MacBook Pro 14"', 'Apple laptop with M2 chip', 1999.00, 50, 2, 'MBPM2-14', 'macbook14.jpg', '2023-01-05 00:00:00', 1),
(2, 'iPhone 15 Pro', 'Latest iPhone model', 999.00, 100, 3, 'IP15PRO', 'iphone15pro.jpg', '2023-01-05 00:00:00', 1),
(3, 'Samsung Galaxy S23', 'Android flagship phone', 799.00, 75, 3, 'SGS23', 'galaxys23.jpg', '2023-01-05 00:00:00', 1),
(4, 'iPad Air', 'Apple tablet with M1 chip', 599.00, 60, 4, 'IPADM1', 'ipadair.jpg', '2023-01-05 00:00:00', 1),
(5, 'Dell XPS 15', 'Windows laptop with OLED display', 1499.00, 40, 2, 'DLLXPS15', 'dellxps15.jpg', '2023-01-05 00:00:00', 1),
(6, 'Men\'s T-Shirt', 'Cotton crew neck t-shirt', 19.99, 200, 6, 'MTS001', 'tshirt.jpg', '2023-01-10 00:00:00', 1),
(7, 'Women\'s Jeans', 'Slim fit jeans for women', 49.99, 150, 7, 'WJN001', 'jeans.jpg', '2023-01-10 00:00:00', 1),
(8, 'Leather Sofa', '3-seater genuine leather sofa', 899.00, 20, 9, 'SOFA001', 'sofa.jpg', '2023-01-10 00:00:00', 1),
(9, 'Non-Stick Cookware Set', '10-piece non-stick cookware set', 129.99, 50, 10, 'COOK001', 'cookware.jpg', '2023-01-10 00:00:00', 1),
(10, 'The Great Gatsby', 'Classic novel by F. Scott Fitzgerald', 12.99, 100, 12, 'BOOK001', 'gatsby.jpg', '2023-01-10 00:00:00', 1),
(11, 'Wireless Earbuds', 'Noise cancelling wireless earbuds', 129.99, 80, 1, 'EARB001', 'earbuds.jpg', '2023-01-10 00:00:00', 1),
(12, 'Smart Watch', 'Fitness tracking smart watch', 199.99, 60, 1, 'WATCH001', 'smartwatch.jpg', '2023-01-10 00:00:00', 1),
(13, 'Men\'s Dress Shirt', 'Formal dress shirt', 39.99, 120, 6, 'MSHIRT001', 'shirt.jpg', '2023-01-10 00:00:00', 1),
(14, 'Women\'s Blouse', 'Silk blouse for women', 59.99, 90, 7, 'WBLOUSE001', 'blouse.jpg', '2023-01-10 00:00:00', 1),
(15, 'Dining Table Set', '6-seater dining table set', 699.00, 15, 9, 'TABLE001', 'diningtable.jpg', '2023-01-10 00:00:00', 1),
(16, 'Knife Set', '8-piece professional knife set', 89.99, 40, 10, 'KNIFE001', 'knives.jpg', '2023-01-10 00:00:00', 1),
(17, 'To Kill a Mockingbird', 'Classic novel by Harper Lee', 10.99, 80, 12, 'BOOK002', 'mockingbird.jpg', '2023-01-10 00:00:00', 1),
(18, 'Sapiens', 'Non-fiction book by Yuval Noah Harari', 14.99, 70, 13, 'BOOK003', 'sapiens.jpg', '2023-01-10 00:00:00', 1),
(19, 'Board Game', 'Family strategy board game', 29.99, 50, 14, 'GAME001', 'boardgame.jpg', '2023-01-10 00:00:00', 1),
(20, 'Wall Art', 'Canvas wall art painting', 79.99, 30, 15, 'ART001', 'wallart.jpg', '2023-01-10 00:00:00', 1),
(21, 'MacBook Air 13"', 'Apple laptop with M1 chip', 999.00, 45, 2, 'MBAM1-13', 'macbookair.jpg', '2023-01-15 00:00:00', 1),
(22, 'iPhone 14', 'Previous generation iPhone', 699.00, 70, 3, 'IP14', 'iphone14.jpg', '2023-01-15 00:00:00', 1),
(23, 'Samsung Galaxy Tab', 'Android tablet', 349.00, 40, 4, 'SGTAB', 'galaxytab.jpg', '2023-01-15 00:00:00', 1),
(24, 'HP Spectre x360', '2-in-1 convertible laptop', 1299.00, 30, 2, 'HPX360', 'spectre.jpg', '2023-01-15 00:00:00', 1),
(25, 'Men\'s Hoodie', 'Cotton pullover hoodie', 34.99, 100, 6, 'MHOOD001', 'hoodie.jpg', '2023-01-15 00:00:00', 1),
(26, 'Women\'s Dress', 'Summer floral dress', 49.99, 80, 7, 'WDRESS001', 'dress.jpg', '2023-01-15 00:00:00', 1),
(27, 'Coffee Table', 'Modern glass coffee table', 199.00, 25, 9, 'TABLE002', 'coffeetable.jpg', '2023-01-15 00:00:00', 1),
(28, 'Blender', 'High-speed kitchen blender', 59.99, 60, 10, 'BLEND001', 'blender.jpg', '2023-01-15 00:00:00', 1),
(29, '1984', 'Dystopian novel by George Orwell', 9.99, 90, 12, 'BOOK004', '1984.jpg', '2023-01-15 00:00:00', 1),
(30, 'Atomic Habits', 'Self-help book by James Clear', 13.99, 85, 13, 'BOOK005', 'atomichabits.jpg', '2023-01-15 00:00:00', 1),
(31, 'Puzzle Set', '1000-piece jigsaw puzzle', 19.99, 40, 14, 'PUZZ001', 'puzzle.jpg', '2023-01-15 00:00:00', 1),
(32, 'Decorative Pillow', 'Decorative throw pillow', 24.99, 60, 15, 'PILLOW001', 'pillow.jpg', '2023-01-15 00:00:00', 1),
(33, 'ASUS ROG Zephyrus', 'Gaming laptop', 1799.00, 20, 2, 'ASUSGAME', 'zephyrus.jpg', '2023-01-20 00:00:00', 1),
(34, 'Google Pixel 7', 'Android phone by Google', 599.00, 50, 3, 'PIXEL7', 'pixel7.jpg', '2023-01-20 00:00:00', 1),
(35, 'Microsoft Surface Pro', 'Windows tablet', 899.00, 35, 4, 'SURFACE', 'surface.jpg', '2023-01-20 00:00:00', 1),
(36, 'Men\'s Jacket', 'Waterproof winter jacket', 99.99, 60, 6, 'MJACKET001', 'jacket.jpg', '2023-01-20 00:00:00', 1),
(37, 'Women\'s Sweater', 'Wool knit sweater', 69.99, 70, 7, 'WSWEATER001', 'sweater.jpg', '2023-01-20 00:00:00', 1),
(38, 'Bookshelf', '5-tier wooden bookshelf', 149.00, 30, 9, 'SHELF001', 'bookshelf.jpg', '2023-01-20 00:00:00', 1),
(39, 'Air Fryer', 'Digital air fryer', 79.99, 45, 10, 'FRYER001', 'airfryer.jpg', '2023-01-20 00:00:00', 1),
(40, 'Pride and Prejudice', 'Classic novel by Jane Austen', 8.99, 75, 12, 'BOOK006', 'pride.jpg', '2023-01-20 00:00:00', 1),
(41, 'Educated', 'Memoir by Tara Westover', 12.99, 65, 13, 'BOOK007', 'educated.jpg', '2023-01-20 00:00:00', 1),
(42, 'LEGO Set', 'Building blocks set', 49.99, 55, 14, 'LEGO001', 'lego.jpg', '2023-01-20 00:00:00', 1),
(43, 'Table Lamp', 'Modern LED table lamp', 39.99, 50, 15, 'LAMP001', 'lamp.jpg', '2023-01-20 00:00:00', 1),
(44, 'Lenovo ThinkPad', 'Business laptop', 1199.00, 35, 2, 'THINKPAD', 'thinkpad.jpg', '2023-01-20 00:00:00', 1),
(45, 'OnePlus 11', 'Android smartphone', 699.00, 45, 3, 'ONEPLUS11', 'oneplus.jpg', '2023-01-20 00:00:00', 1),
(46, 'Men\'s Shorts', 'Casual summer shorts', 29.99, 90, 6, 'MSHORTS001', 'shorts.jpg', '2023-01-20 00:00:00', 1),
(47, 'Women\'s Skirt', 'Midi-length skirt', 39.99, 65, 7, 'WSKIRT001', 'skirt.jpg', '2023-01-20 00:00:00', 1),
(48, 'TV Stand', 'Entertainment center', 199.00, 20, 9, 'TVSTAND001', 'tvstand.jpg', '2023-01-20 00:00:00', 1),
(49, 'Mixer', 'Stand mixer for baking', 149.99, 30, 10, 'MIXER001', 'mixer.jpg', '2023-01-20 00:00:00', 1),
(50, 'Ceramic Vase', 'Handmade ceramic vase', 45.99, 30, 15, 'CVASE-001', 'vase.jpg', '2023-01-20 00:00:00', 1);


INSERT INTO `addresses` (`address_id`, `user_id`, `address_line1`, `address_line2`, `city`, `state`, `postal_code`, `country`, `is_default`) VALUES

(4, 2, '101 Maple Dr', 'Unit 3', 'Santa Monica', 'CA', '90401', 'USA', 0),
(5, 3, '202 Elm St', NULL, 'Chicago', 'IL', '60601', 'USA', 1),
(6, 4, '303 Birch Ln', 'Apt 12', 'Houston', 'TX', '77001', 'USA', 1),
(7, 5, '404 Cedar Ave', NULL, 'Phoenix', 'AZ', '85001', 'USA', 1),
(8, 6, '505 Spruce Way', NULL, 'Philadelphia', 'PA', '19101', 'USA', 1),
(9, 7, '606 Redwood Blvd', 'Suite 200', 'San Antonio', 'TX', '78201', 'USA', 1),
(10, 8, '707 Willow St', NULL, 'San Diego', 'CA', '92101', 'USA', 1),
(11, 9, '808 Aspen Dr', NULL, 'Dallas', 'TX', '75201', 'USA', 1),
(12, 10, '909 Juniper Rd', 'Apt 5B', 'San Jose', 'CA', '95101', 'USA', 1),
(13, 11, '1010 Palm Ave', NULL, 'Austin', 'TX', '73301', 'USA', 1),
(14, 12, '1111 Magnolia Ln', NULL, 'Jacksonville', 'FL', '32099', 'USA', 1),
(15, 13, '1212 Dogwood Dr', 'Unit 8', 'Fort Worth', 'TX', '76101', 'USA', 1),
(16, 14, '1313 Hickory St', NULL, 'Columbus', 'OH', '43085', 'USA', 1),
(17, 15, '1414 Sycamore Way', NULL, 'Charlotte', 'NC', '28201', 'USA', 1),
(18, 16, '1515 Poplar Ave', 'Apt 9', 'San Francisco', 'CA', '94101', 'USA', 1),
(19, 17, '1616 Sequoia Rd', NULL, 'Indianapolis', 'IN', '46201', 'USA', 1),
(20, 18, '1717 Chestnut Blvd', NULL, 'Seattle', 'WA', '98101', 'USA', 1),
(21, 19, '1818 Walnut St', 'Suite 100', 'Denver', 'CO', '80201', 'USA', 1),
(22, 20, '1919 Pinecone Dr', NULL, 'Washington', 'DC', '20001', 'USA', 1),
(23, 3, '2020 Acorn Ln', 'Apt 2', 'Chicago', 'IL', '60602', 'USA', 0),
(24, 5, '2121 Pecan Way', NULL, 'Phoenix', 'AZ', '85002', 'USA', 0),
(25, 7, '2222 Spruce St', 'Unit 4', 'San Antonio', 'TX', '78202', 'USA', 0),
(26, 9, '2323 Cedar Ave', NULL, 'Dallas', 'TX', '75202', 'USA', 0),
(27, 11, '2424 Oak Dr', 'Apt 7', 'Austin', 'TX', '73302', 'USA', 0),
(28, 13, '2525 Maple Rd', NULL, 'Fort Worth', 'TX', '76102', 'USA', 0),
(29, 15, '2626 Birch Blvd', 'Suite 300', 'Charlotte', 'NC', '28202', 'USA', 0);

INSERT INTO `product_images` (`image_id`, `product_id`, `image_url`, `alt_text`, `is_primary`, `display_order`) VALUES
(1, 1, 'macbook14-1.jpg', 'MacBook Pro front view', 1, 1),
(2, 1, 'macbook14-2.jpg', 'MacBook Pro side view', 0, 2),
(3, 1, 'macbook14-3.jpg', 'MacBook Pro keyboard', 0, 3),
(4, 2, 'iphone15pro-1.jpg', 'iPhone 15 Pro front', 1, 1),
(5, 2, 'iphone15pro-2.jpg', 'iPhone 15 Pro back', 0, 2),
(6, 3, 'galaxys23-1.jpg', 'Galaxy S23 front', 1, 1),
(7, 3, 'galaxys23-2.jpg', 'Galaxy S23 side', 0, 2),
(8, 4, 'ipadair-1.jpg', 'iPad Air front', 1, 1),
(9, 4, 'ipadair-2.jpg', 'iPad Air with pencil', 0, 2),
(10, 5, 'dellxps15-1.jpg', 'Dell XPS 15 open', 1, 1),
(11, 5, 'dellxps15-2.jpg', 'Dell XPS 15 closed', 0, 2),
(12, 6, 'tshirt-1.jpg', 'T-shirt front view', 1, 1),
(13, 6, 'tshirt-2.jpg', 'T-shirt back view', 0, 2),
(14, 7, 'jeans-1.jpg', 'Jeans front view', 1, 1),
(15, 7, 'jeans-2.jpg', 'Jeans back view', 0, 2),
(16, 8, 'sofa-1.jpg', 'Sofa front view', 1, 1),
(17, 8, 'sofa-2.jpg', 'Sofa side view', 0, 2),
(18, 9, 'cookware-1.jpg', 'Cookware set', 1, 1),
(19, 9, 'cookware-2.jpg', 'Cookware pieces', 0, 2),
(20, 10, 'gatsby-1.jpg', 'Book cover', 1, 1),
(21, 11, 'earbuds-1.jpg', 'Earbuds in case', 1, 1),
(22, 11, 'earbuds-2.jpg', 'Earbuds in ear', 0, 2),
(23, 12, 'smartwatch-1.jpg', 'Smartwatch on wrist', 1, 1),
(24, 12, 'smartwatch-2.jpg', 'Smartwatch screen', 0, 2),
(25, 13, 'shirt-1.jpg', 'Shirt front view', 1, 1),
(26, 13, 'shirt-2.jpg', 'Shirt on hanger', 0, 2),
(27, 14, 'blouse-1.jpg', 'Blouse front view', 1, 1),
(28, 14, 'blouse-2.jpg', 'Blouse back view', 0, 2),
(29, 15, 'diningtable-1.jpg', 'Dining table set', 1, 1),
(30, 15, 'diningtable-2.jpg', 'Dining table closeup', 0, 2),
(31, 16, 'knives-1.jpg', 'Knife set', 1, 1),
(32, 16, 'knives-2.jpg', 'Knife closeup', 0, 2),
(33, 17, 'mockingbird-1.jpg', 'Book cover', 1, 1),
(34, 18, 'sapiens-1.jpg', 'Book cover', 1, 1),
(35, 19, 'boardgame-1.jpg', 'Board game box', 1, 1),
(36, 19, 'boardgame-2.jpg', 'Board game setup', 0, 2),
(37, 20, 'wallart-1.jpg', 'Wall art', 1, 1),
(38, 21, 'macbookair-1.jpg', 'MacBook Air open', 1, 1),
(39, 21, 'macbookair-2.jpg', 'MacBook Air side', 0, 2),
(40, 22, 'iphone14-1.jpg', 'iPhone 14 front', 1, 1),
(41, 22, 'iphone14-2.jpg', 'iPhone 14 back', 0, 2),
(42, 23, 'galaxytab-1.jpg', 'Galaxy Tab front', 1, 1),
(43, 23, 'galaxytab-2.jpg', 'Galaxy Tab with pen', 0, 2),
(44, 24, 'spectre-1.jpg', 'HP Spectre open', 1, 1),
(45, 24, 'spectre-2.jpg', 'HP Spectre tablet mode', 0, 2),
(46, 25, 'hoodie-1.jpg', 'Hoodie front view', 1, 1),
(47, 25, 'hoodie-2.jpg', 'Hoodie back view', 0, 2),
(48, 26, 'dress-1.jpg', 'Dress front view', 1, 1),
(49, 26, 'dress-2.jpg', 'Dress side view', 0, 2),
(50, 27, 'coffeetable-1.jpg', 'Coffee table', 1, 1),
(51, 28, 'blender-1.jpg', 'Blender', 1, 1),
(52, 29, '1984-1.jpg', 'Book cover', 1, 1),
(53, 30, 'atomichabits-1.jpg', 'Book cover', 1, 1),
(54, 31, 'puzzle-1.jpg', 'Puzzle box', 1, 1),
(55, 31, 'puzzle-2.jpg', 'Puzzle pieces', 0, 2),
(56, 32, 'pillow-1.jpg', 'Pillow front', 1, 1),
(57, 32, 'pillow-2.jpg', 'Pillow on couch', 0, 2),
(58, 33, 'zephyrus-1.jpg', 'ASUS laptop open', 1, 1),
(59, 33, 'zephyrus-2.jpg', 'ASUS laptop keyboard', 0, 2),
(60, 34, 'pixel7-1.jpg', 'Pixel 7 front', 1, 1),
(61, 34, 'pixel7-2.jpg', 'Pixel 7 back', 0, 2),
(62, 35, 'surface-1.jpg', 'Surface Pro front', 1, 1),
(63, 35, 'surface-2.jpg', 'Surface Pro with keyboard', 0, 2),
(64, 36, 'jacket-1.jpg', 'Jacket front view', 1, 1),
(65, 36, 'jacket-2.jpg', 'Jacket back view', 0, 2),
(66, 37, 'sweater-1.jpg', 'Sweater front view', 1, 1),
(67, 37, 'sweater-2.jpg', 'Sweater folded', 0, 2),
(68, 38, 'bookshelf-1.jpg', 'Bookshelf', 1, 1),
(69, 39, 'airfryer-1.jpg', 'Air fryer', 1, 1),
(70, 40, 'pride-1.jpg', 'Book cover', 1, 1),
(71, 41, 'educated-1.jpg', 'Book cover', 1, 1),
(72, 42, 'lego-1.jpg', 'LEGO set box', 1, 1),
(73, 42, 'lego-2.jpg', 'LEGO built', 0, 2),
(74, 43, 'lamp-1.jpg', 'Lamp turned on', 1, 1),
(75, 50, 'vase-alt.jpg', 'Vase alternative view', 0, 2);

INSERT INTO `product_reviews` (`review_id`, `product_id`, `user_id`, `rating`, `review_text`, `created_at`) VALUES
(1, 1, 2, 5, 'Excellent laptop, fast delivery', '2023-02-01 14:30:00'),
(2, 1, 5, 4, 'Great but expensive', '2023-02-05 09:15:00'),
(3, 2, 3, 5, 'Best phone I\'ve ever owned', '2023-02-10 11:20:00'),
(4, 2, 7, 3, 'Good but battery could be better', '2023-02-15 16:45:00'),
(5, 3, 4, 4, 'Great Android phone', '2023-02-20 10:30:00'),
(6, 4, 6, 5, 'Perfect tablet for work', '2023-02-25 14:15:00'),
(7, 5, 8, 4, 'Beautiful display', '2023-03-01 09:45:00'),
(8, 6, 9, 5, 'Very comfortable shirt', '2023-03-05 11:30:00'),
(9, 7, 10, 4, 'Fits perfectly', '2023-03-10 13:20:00'),
(10, 8, 11, 5, 'Extremely comfortable sofa', '2023-03-15 15:10:00'),
(11, 9, 12, 4, 'Good quality cookware', '2023-03-20 17:30:00'),
(12, 10, 13, 5, 'Classic book, great edition', '2023-03-25 10:45:00'),
(13, 11, 14, 3, 'Sound quality could be better', '2023-03-30 12:15:00'),
(14, 12, 15, 4, 'Good fitness tracking', '2023-04-05 14:30:00'),
(15, 13, 16, 5, 'Perfect for office wear', '2023-04-10 16:20:00'),
(16, 14, 17, 4, 'Beautiful blouse', '2023-04-15 09:45:00'),
(17, 15, 18, 5, 'Sturdy dining set', '2023-04-20 11:30:00'),
(18, 16, 19, 4, 'Sharp knives', '2023-04-25 13:15:00'),
(19, 17, 20, 5, 'Must-read classic', '2023-05-01 15:00:00'),
(20, 18, 1, 4, 'Thought-provoking book', '2023-05-05 10:30:00'),
(21, 19, 2, 3, 'Fun but missing pieces', '2023-05-10 12:45:00'),
(22, 20, 3, 5, 'Beautiful wall art', '2023-05-15 14:20:00'),
(23, 21, 4, 4, 'Lightweight and powerful', '2023-05-20 16:10:00'),
(24, 22, 5, 5, 'Great upgrade from my old phone', '2023-05-25 09:35:00'),
(25, 23, 6, 3, 'Good but slow charging', '2023-05-30 11:50:00'),
(26, 24, 7, 4, 'Versatile 2-in-1', '2023-06-05 13:25:00'),
(27, 25, 8, 5, 'Very comfortable hoodie', '2023-06-10 15:15:00'),
(28, 26, 9, 4, 'Pretty summer dress', '2023-06-15 17:30:00'),
(29, 27, 10, 5, 'Modern coffee table', '2023-06-20 10:45:00'),
(30, 28, 11, 3, 'Works but loud', '2023-06-25 12:20:00'),
(31, 29, 12, 5, 'Timeless classic', '2023-07-01 14:10:00'),
(32, 30, 13, 4, 'Helpful book', '2023-07-05 16:30:00'),
(33, 31, 14, 2, 'Missing pieces', '2023-07-10 09:55:00'),
(34, 32, 15, 5, 'Soft and decorative', '2023-07-15 11:40:00'),
(35, 33, 16, 4, 'Great for gaming', '2023-07-20 13:25:00'),
(36, 34, 17, 5, 'Best Android experience', '2023-07-25 15:15:00'),
(37, 35, 18, 3, 'Good but expensive', '2023-07-30 17:30:00'),
(38, 36, 19, 4, 'Warm winter jacket', '2023-08-05 10:45:00'),
(39, 37, 20, 5, 'Beautiful sweater', '2023-08-10 12:30:00'),
(40, 38, 1, 4, 'Sturdy bookshelf', '2023-08-15 14:20:00'),
(41, 39, 2, 5, 'Healthy cooking made easy', '2023-08-20 16:10:00'),
(42, 40, 3, 4, 'Romantic classic', '2023-08-25 09:35:00'),
(43, 41, 4, 5, 'Inspiring memoir', '2023-08-30 11:50:00'),
(44, 42, 5, 4, 'Fun for the whole family', '2023-09-05 13:25:00'),
(45, 43, 6, 3, 'Nice but dim', '2023-09-10 15:15:00'),
(46, 44, 7, 5, 'Reliable business laptop', '2023-09-15 17:30:00'),
(47, 45, 8, 4, 'Fast and smooth', '2023-09-20 10:45:00'),
(48, 46, 9, 5, 'Comfortable shorts', '2023-09-25 12:20:00'),
(49, 47, 10, 4, 'Elegant skirt', '2023-09-30 14:10:00'),
(50, 48, 11, 3, 'Assembly required', '2023-10-05 16:30:00'),
(51, 49, 12, 4, 'Great for baking', '2023-10-10 09:55:00'),
(52, 50, 13, 5, 'Beautiful vase!', '2023-10-15 11:40:00'),
(53, 1, 14, 4, 'Powerful but heavy', '2023-10-20 13:25:00'),
(54, 2, 15, 5, 'Worth every penny', '2023-10-25 15:15:00'),
(55, 3, 16, 4, 'Great camera', '2023-10-30 17:30:00'),
(56, 4, 17, 3, 'Good but not great', '2023-11-05 10:45:00'),
(57, 5, 18, 5, 'Perfect for designers', '2023-11-10 12:30:00'),
(58, 6, 19, 4, 'Good quality fabric', '2023-11-15 14:20:00'),
(59, 7, 20, 5, 'Fits perfectly', '2023-11-20 16:10:00'),
(60, 50, 18, 5, 'Beautiful vase!', '2023-04-10 16:45:00');


INSERT INTO `carts` (`cart_id`, `user_id`, `created_at`) VALUES
(1, 1, '2023-01-20 10:00:00'),
(2, 2, '2023-01-21 09:15:00'),
(3, 3, '2023-01-22 11:30:00'),
(4, 4, '2023-01-23 14:45:00'),
(5, 5, '2023-01-24 16:20:00'),
(6, 6, '2023-01-25 10:10:00'),
(7, 7, '2023-01-26 12:30:00'),
(8, 8, '2023-01-27 15:40:00'),
(9, 9, '2023-01-28 09:50:00'),
(10, 10, '2023-01-29 11:15:00'),
(11, 11, '2023-01-30 14:25:00'),
(12, 12, '2023-01-31 16:50:00'),
(13, 13, '2023-02-01 10:05:00'),
(14, 14, '2023-02-02 12:35:00'),
(15, 15, '2023-02-03 15:45:00'),
(16, 16, '2023-02-04 09:55:00'),
(17, 17, '2023-02-05 11:20:00'),
(18, 18, '2023-02-06 14:30:00'),
(19, 19, '2023-02-07 16:40:00'),
(20, 20, '2023-02-08 10:50:00');

INSERT INTO `cart_items` (`cart_item_id`, `cart_id`, `product_id`, `quantity`, `added_at`) VALUES
(1, 1, 5, 1, '2023-01-20 10:05:00'),
(2, 1, 12, 2, '2023-01-22 14:30:00'),
(3, 1, 18, 1, '2023-01-25 11:15:00'),
(4, 2, 3, 1, '2023-01-21 09:20:00'),
(5, 2, 7, 1, '2023-01-23 15:40:00'),
(6, 3, 9, 1, '2023-01-22 11:35:00'),
(7, 3, 15, 1, '2023-01-24 16:25:00'),
(8, 4, 2, 1, '2023-01-23 14:50:00'),
(9, 4, 20, 2, '2023-01-26 10:15:00'),
(10, 5, 11, 1, '2023-01-24 16:25:00'),
(11, 5, 17, 1, '2023-01-27 12:30:00'),
(12, 6, 4, 1, '2023-01-25 10:15:00'),
(13, 6, 8, 1, '2023-01-28 09:55:00'),
(14, 7, 6, 3, '2023-01-26 12:35:00'),
(15, 7, 13, 2, '2023-01-29 11:20:00'),
(16, 8, 1, 1, '2023-01-27 15:45:00'),
(17, 8, 10, 1, '2023-01-30 14:30:00'),
(18, 9, 14, 1, '2023-01-28 09:55:00'),
(19, 9, 19, 1, '2023-01-31 16:50:00'),
(20, 10, 16, 1, '2023-01-29 11:20:00'),
(21, 10, 21, 1, '2023-02-01 10:10:00'),
(22, 11, 22, 1, '2023-01-30 14:30:00'),
(23, 11, 23, 1, '2023-02-02 12:40:00'),
(24, 12, 24, 1, '2023-01-31 16:55:00'),
(25, 12, 25, 2, '2023-02-03 15:50:00'),
(26, 13, 26, 1, '2023-02-01 10:10:00'),
(27, 13, 27, 1, '2023-02-04 10:00:00'),
(28, 14, 28, 1, '2023-02-02 12:40:00'),
(29, 14, 29, 1, '2023-02-05 11:25:00'),
(30, 15, 30, 1, '2023-02-03 15:50:00'),
(31, 15, 31, 1, '2023-02-06 14:35:00'),
(32, 16, 32, 1, '2023-02-04 10:00:00'),
(33, 16, 33, 1, '2023-02-07 16:45:00'),
(34, 17, 34, 1, '2023-02-05 11:25:00'),
(35, 17, 35, 1, '2023-02-08 10:55:00'),
(36, 18, 36, 1, '2023-02-06 14:35:00'),
(37, 18, 37, 1, '2023-02-09 12:15:00'),
(38, 19, 38, 1, '2023-02-07 16:45:00'),
(39, 19, 39, 1, '2023-02-10 16:20:00'),
(40, 20, 40, 1, '2023-02-08 10:55:00'),
(41, 20, 41, 1, '2023-02-11 14:30:00'),
(42, 1, 42, 1, '2023-02-15 11:30:00'),
(43, 2, 43, 1, '2023-02-16 09:20:00'),
(44, 3, 44, 1, '2023-02-17 11:35:00'),
(45, 4, 45, 1, '2023-02-18 14:55:00'),
(46, 5, 46, 1, '2023-02-19 16:30:00'),
(47, 6, 47, 1, '2023-02-20 10:20:00'),
(48, 7, 48, 1, '2023-02-21 12:40:00'),
(49, 8, 49, 1, '2023-02-22 15:50:00'),
(50, 20, 45, 1, '2023-03-25 10:10:00');


INSERT INTO `orders` (`order_id`, `user_id`, `order_date`, `total_amount`, `status`, `shipping_address_id`, `payment_method`) VALUES
(1, 1, '2023-02-01 11:30:00', 599.97, 'delivered', 1, 'credit_card'),
(2, 2, '2023-02-05 09:45:00', 1299.98, 'shipped', 4, 'paypal'),
(3, 3, '2023-02-10 14:20:00', 349.00, 'delivered', 5, 'credit_card'),
(4, 4, '2023-02-15 16:50:00', 129.98, 'shipped', 6, 'credit_card'),
(5, 5, '2023-02-20 10:15:00', 89.99, 'delivered', 7, 'paypal'),
(6, 6, '2023-02-25 12:30:00', 1048.00, 'processing', 8, 'credit_card'),
(7, 7, '2023-03-02 15:45:00', 147.97, 'delivered', 9, 'credit_card'),
(8, 8, '2023-03-07 09:55:00', 1011.99, 'shipped', 10, 'paypal'),
(9, 9, '2023-03-12 11:20:00', 29.99, 'delivered', 11, 'credit_card'),
(10, 10, '2023-03-17 14:30:00', 149.00, 'processing', 12, 'credit_card'),
(11, 11, '2023-03-22 16:40:00', 9.99, 'delivered', 13, 'paypal'),
(12, 12, '2023-03-27 10:50:00', 12.99, 'shipped', 14, 'credit_card'),
(13, 13, '2023-04-01 12:15:00', 199.00, 'delivered', 15, 'credit_card'),
(14, 14, '2023-04-06 14:30:00', 79.99, 'processing', 16, 'paypal'),
(15, 15, '2023-04-11 16:45:00', 13.99, 'delivered', 17, 'credit_card'),
(16, 16, '2023-04-16 09:15:00', 24.99, 'shipped', 18, 'credit_card'),
(17, 17, '2023-04-21 11:30:00', 599.00, 'delivered', 19, 'paypal'),
(18, 18, '2023-04-26 13:45:00', 39.99, 'processing', 20, 'credit_card'),
(19, 19, '2023-05-01 15:00:00', 149.00, 'shipped', 21, 'credit_card'),
(20, 20, '2023-05-06 17:15:00', 45.99, 'delivered', 22, 'paypal'),
(21, 1, '2023-05-11 09:30:00', 199.99, 'delivered', 1, 'credit_card'),
(22, 2, '2023-05-16 11:45:00', 69.99, 'processing', 3, 'paypal'),
(23, 3, '2023-05-21 14:00:00', 89.99, 'shipped', 23, 'credit_card'),
(24, 4, '2023-05-26 16:15:00', 10.99, 'delivered', 6, 'credit_card'),
(25, 5, '2023-05-31 09:30:00', 79.99, 'processing', 24, 'paypal'),
(26, 6, '2023-06-05 11:45:00', 49.99, 'delivered', 8, 'credit_card'),
(27, 7, '2023-06-10 14:00:00', 199.00, 'shipped', 25, 'credit_card'),
(28, 8, '2023-06-15 16:15:00', 12.99, 'delivered', 10, 'paypal'),
(29, 9, '2023-06-20 09:30:00', 149.99, 'processing', 26, 'credit_card'),
(30, 15, '2023-04-15 16:20:00', 245.99, 'processing', 22, 'credit_card');


INSERT INTO `order_items` (`order_item_id`, `order_id`, `product_id`, `quantity`, `price`) VALUES
(1, 1, 5, 1, 199.99),
(2, 1, 12, 2, 199.99),
(3, 2, 3, 1, 799.00),
(4, 2, 7, 1, 49.99),
(5, 2, 15, 1, 699.00),
(6, 3, 23, 1, 349.00),
(7, 4, 9, 1, 129.99),
(8, 5, 16, 1, 89.99),
(9, 6, 4, 1, 599.00),
(10, 6, 8, 1, 899.00),
(11, 7, 6, 3, 19.99),
(12, 7, 13, 2, 39.99),
(13, 8, 1, 1, 1999.00),
(14, 8, 10, 1, 12.99),
(15, 9, 19, 1, 29.99),
(16, 10, 38, 1, 149.00),
(17, 11, 29, 1, 9.99),
(18, 12, 18, 1, 12.99),
(19, 13, 20, 1, 199.00),
(20, 14, 39, 1, 79.99),
(21, 15, 30, 1, 13.99),
(22, 16, 32, 1, 24.99),
(23, 17, 34, 1, 599.00),
(24, 18, 43, 1, 39.99),
(25, 19, 21, 1, 149.00),
(26, 20, 50, 1, 45.99),
(27, 21, 11, 1, 199.99),
(28, 22, 37, 1, 69.99),
(29, 23, 16, 1, 89.99),
(30, 24, 17, 1, 10.99),
(31, 25, 28, 1, 79.99),
(32, 26, 26, 1, 49.99),
(33, 27, 27, 1, 199.00),
(34, 28, 18, 1, 12.99),
(35, 29, 28, 1, 149.99),
(36, 30, 35, 1, 89.99),
(37, 30, 36, 1, 99.99),
(38, 30, 40, 1, 8.99),
(39, 1, 18, 1, 199.99),
(40, 2, 4, 1, 599.00),
(41, 3, 24, 1, 1299.00),
(42, 4, 14, 1, 59.99),
(43, 5, 22, 1, 699.00),
(44, 6, 25, 1, 34.99),
(45, 7, 31, 1, 19.99),
(46, 8, 33, 1, 1799.00),
(47, 9, 42, 1, 49.99),
(48, 10, 44, 1, 1199.00),
(49, 11, 45, 1, 699.00),
(50, 12, 46, 1, 29.99),
(51, 13, 47, 1, 39.99),
(52, 14, 48, 1, 199.00),
(53, 15, 49, 1, 149.99),
(54, 16, 41, 1, 12.99),
(55, 17, 2, 1, 999.00),
(56, 18, 3, 1, 799.00),
(57, 19, 5, 1, 1499.00),
(58, 20, 6, 1, 19.99),
(59, 21, 7, 1, 49.99),
(60, 22, 8, 1, 899.00),
(61, 23, 9, 1, 129.99),
(62, 24, 10, 1, 12.99),
(63, 25, 11, 1, 129.99),
(64, 26, 12, 1, 199.99),
(65, 27, 13, 1, 39.99),
(66, 28, 14, 1, 59.99),
(67, 29, 15, 1, 699.00),
(68, 30, 16, 1, 89.99),
(69, 1, 17, 1, 10.99),
(70, 2, 19, 1, 29.99),
(71, 3, 20, 1, 79.99),
(72, 4, 21, 1, 999.00),
(73, 5, 22, 1, 699.00),
(74, 6, 23, 1, 349.00),
(75, 7, 24, 1, 1299.00),
(76, 8, 25, 1, 34.99),
(77, 9, 26, 1, 49.99),
(78, 10, 27, 1, 199.00),
(79, 11, 28, 1, 59.99),
(80, 12, 29, 1, 9.99);


INSERT INTO `payments` (`payment_id`, `order_id`, `amount`, `payment_date`, `payment_method`, `transaction_id`, `status`) VALUES
(1, 1, 599.97, '2023-02-01 11:30:00', 'credit_card', 'TXN123456', 'completed'),
(2, 2, 1299.98, '2023-02-05 09:45:00', 'paypal', 'PPL789012', 'completed'),
(3, 3, 349.00, '2023-02-10 14:20:00', 'credit_card', 'TXN234567', 'completed'),
(4, 4, 129.98, '2023-02-15 16:50:00', 'credit_card', 'TXN345678', 'completed'),
(5, 5, 89.99, '2023-02-20 10:15:00', 'paypal', 'PPL890123', 'completed'),
(6, 6, 1048.00, '2023-02-25 12:30:00', 'credit_card', 'TXN456789', 'completed'),
(7, 7, 147.97, '2023-03-02 15:45:00', 'credit_card', 'TXN567890', 'completed'),
(8, 8, 1011.99, '2023-03-07 09:55:00', 'paypal', 'PPL901234', 'completed'),
(9, 9, 29.99, '2023-03-12 11:20:00', 'credit_card', 'TXN678901', 'completed'),
(10, 10, 149.00, '2023-03-17 14:30:00', 'credit_card', 'TXN789012', 'completed'),
(11, 11, 9.99, '2023-03-22 16:40:00', 'paypal', 'PPL012345', 'completed'),
(12, 12, 12.99, '2023-03-27 10:50:00', 'credit_card', 'TXN890123', 'completed'),
(13, 13, 199.00, '2023-04-01 12:15:00', 'credit_card', 'TXN901234', 'completed'),
(14, 14, 79.99, '2023-04-06 14:30:00', 'paypal', 'PPL123456', 'completed'),
(15, 15, 13.99, '2023-04-11 16:45:00', 'credit_card', 'TXN012345', 'completed'),
(16, 16, 24.99, '2023-04-16 09:15:00', 'credit_card', 'TXN098765', 'completed'),
(17, 17, 599.00, '2023-04-21 11:30:00', 'paypal', 'PPL234567', 'completed'),
(18, 18, 39.99, '2023-04-26 13:45:00', 'credit_card', 'TXN987654', 'completed'),
(19, 19, 149.00, '2023-05-01 15:00:00', 'credit_card', 'TXN876543', 'completed'),
(20, 20, 45.99, '2023-05-06 17:15:00', 'paypal', 'PPL345678', 'completed'),
(21, 21, 199.99, '2023-05-11 09:30:00', 'credit_card', 'TXN765432', 'completed'),
(22, 22, 69.99, '2023-05-16 11:45:00', 'paypal', 'PPL456789', 'completed'),
(23, 23, 89.99, '2023-05-21 14:00:00', 'credit_card', 'TXN654321', 'completed'),
(24, 24, 10.99, '2023-05-26 16:15:00', 'credit_card', 'TXN543210', 'completed'),
(25, 25, 79.99, '2023-05-31 09:30:00', 'paypal', 'PPL567890', 'completed'),
(26, 26, 49.99, '2023-06-05 11:45:00', 'credit_card', 'TXN432109', 'completed'),
(27, 27, 199.00, '2023-06-10 14:00:00', 'credit_card', 'TXN321098', 'completed'),
(28, 28, 12.99, '2023-06-15 16:15:00', 'paypal', 'PPL678901', 'completed'),
(29, 29, 149.99, '2023-06-20 09:30:00', 'credit_card', 'TXN210987', 'completed'),
(30, 30, 245.99, '2023-04-15 16:20:00', 'credit_card', 'TXN345678', 'pending');

select * from users;
select * from addresses;
select * from categories;
select * from products;
select * from product_images;
select * from product_reviews;
select * from carts;
select * from cart_items;
select * from orders;
select * from payments;
